id,firstName,lastName,gender,email,contact
225,Ramya,Menda,F,ramya@gmail.com,6303348054
541,sai,duddupudi,M,sai@gmail.com,9390621363
875,vinay,haripuram,M,vinay@gmail.com,7901533660
888,kalyan,dwedw,M,kalyan@gmail.com,132132132
322,dwe,dewd,f,dewdew@gmail.com,13213213231
123,ani,menda,m,anil@gmail.com,212132132
13123,eww,dewf,m,wqwew@gmail.com,1321321312
2121,wede,wewqe,f,wqewqeq,213213312
1321,greg,rthtyh,h,weew,45657
213213,ewd,eew,g,ewew,323123
2131,dewd,weew,ewew,ewqe,23213
12321,dwe,weed,yth,yytr,454
213213,yjy,jyuj,m,ghtr,553
54355,thr,tyty,g,trrt,45645
534534,tr,trrt,htr,htrt,45
2112,ed,wdw,dewd,ewdewd,121
121,wqwd,dcwd,d,dwde,2121
21221,ddw,ew,hyhy,juju,6565
132213,ewr,ewrew,rew,rewewre,2332
32121,rewew,rewrew,rewrew,rewrew,656565
876,jyjyu,kiuk,kui,uuy,87
21312,wrew,ewrewr,rewr,rewwe,5434343432
2244,re,rere,re,re,434